BOWLING,OVERS,MAIDEN,RUNS,WICKETS,ECONOMY,ZEROES,FOURS,SIXES,WIDE BALLS,NO BALLS,BOWLING_POSITION,MATCH_ID,MATCH,BOWLING_TEAM
Trent Boult,10,1,48,1,4.8,34,3,2,1,0,1,ODI # 4658,England-vs-New-Zealand,New-Zealand
Matt Henry,10,1,48,3,4.8,31,6,0,0,0,2,ODI # 4658,England-vs-New-Zealand,New-Zealand
Mitchell Santner,10,0,37,2,3.7,26,0,0,1,0,3,ODI # 4658,England-vs-New-Zealand,New-Zealand
James Neesham,7,0,56,0,8,15,5,2,2,0,4,ODI # 4658,England-vs-New-Zealand,New-Zealand
Rachin Ravindra,10,0,76,1,7.6,14,6,2,0,0,5,ODI # 4658,England-vs-New-Zealand,New-Zealand
Glenn Phillips,3,0,17,2,5.66,5,1,0,0,0,6,ODI # 4658,England-vs-New-Zealand,New-Zealand
Chris Woakes,6,0,45,0,7.5,18,7,1,0,0,1,ODI # 4658,England-vs-New-Zealand,England
Sam Curran,6,2,47,1,7.83,17,6,1,2,0,2,ODI # 4658,England-vs-New-Zealand,England
Mark Wood,5,0,55,0,11,9,7,2,1,0,3,ODI # 4658,England-vs-New-Zealand,England
Moeen Ali,9.2,0,60,0,6.42,20,2,3,0,0,4,ODI # 4658,England-vs-New-Zealand,England
Adil Rashid,7,0,47,0,6.71,15,4,1,0,0,5,ODI # 4658,England-vs-New-Zealand,England
Liam Livingstone,3,0,24,0,8,7,4,0,0,0,6,ODI # 4658,England-vs-New-Zealand,England
Aryan Dutt,10,0,48,1,4.8,37,7,0,2,0,1,ODI # 4659,Netherlands-vs-Pakistan,Netherlands
Logan van Beek,6,0,30,1,5,20,4,0,1,0,2,ODI # 4659,Netherlands-vs-Pakistan,Netherlands
Colin Ackermann,8,1,39,2,4.87,26,1,2,0,0,3,ODI # 4659,Netherlands-vs-Pakistan,Netherlands
Paul van Meekeren,6,0,40,1,6.66,16,5,0,2,0,4,ODI # 4659,Netherlands-vs-Pakistan,Netherlands
Bas de Leede,9,0,62,4,6.88,22,9,0,3,0,5,ODI # 4659,Netherlands-vs-Pakistan,Netherlands
Roelof van der Merwe,6,0,36,0,6,14,2,1,0,1,6,ODI # 4659,Netherlands-vs-Pakistan,Netherlands
Vikramjit Singh,2,0,16,0,8,5,3,0,0,0,7,ODI # 4659,Netherlands-vs-Pakistan,Netherlands
Saqib Zulfiqar,2,0,15,0,7.5,3,2,0,0,0,8,ODI # 4659,Netherlands-vs-Pakistan,Netherlands
Shaheen Shah Afridi,7,0,37,1,5.28,26,5,0,2,0,1,ODI # 4659,Netherlands-vs-Pakistan,Pakistan
Hasan Ali,7,1,33,2,4.71,31,6,0,4,0,2,ODI # 4659,Netherlands-vs-Pakistan,Pakistan
Haris Rauf,9,0,43,3,4.77,33,5,1,2,0,3,ODI # 4659,Netherlands-vs-Pakistan,Pakistan
Iftikhar Ahmed,3,0,16,1,5.33,7,1,0,0,0,4,ODI # 4659,Netherlands-vs-Pakistan,Pakistan
Mohammad Nawaz,7,0,31,1,4.42,23,2,1,0,0,5,ODI # 4659,Netherlands-vs-Pakistan,Pakistan
Shadab Khan,8,0,45,1,5.62,23,1,2,1,0,6,ODI # 4659,Netherlands-vs-Pakistan,Pakistan
Taskin Ahmed,6,0,32,1,5.33,23,3,1,1,0,1,ODI # 4660,Afghanistan-vs-Bangladesh,Bangladesh
Shoriful Islam,6.2,1,34,2,5.36,23,5,0,2,0,2,ODI # 4660,Afghanistan-vs-Bangladesh,Bangladesh
Mustafizur Rahman,7,1,28,1,4,26,2,1,0,0,3,ODI # 4660,Afghanistan-vs-Bangladesh,Bangladesh
Shakib Al Hasan,8,0,30,3,3.75,28,3,0,0,0,4,ODI # 4660,Afghanistan-vs-Bangladesh,Bangladesh
Mehidy Hasan Miraz,9,3,25,3,2.77,38,1,0,1,0,5,ODI # 4660,Afghanistan-vs-Bangladesh,Bangladesh
Mahmudullah,1,0,7,0,7,3,1,0,0,0,6,ODI # 4660,Afghanistan-vs-Bangladesh,Bangladesh
Fazalhaq Farooqi,5,0,19,1,3.8,22,2,0,2,0,1,ODI # 4660,Afghanistan-vs-Bangladesh,Afghanistan
Mujeeb Ur Rahman,7,0,30,0,4.28,26,3,1,0,0,2,ODI # 4660,Afghanistan-vs-Bangladesh,Afghanistan
Naveen-ul-Haq,5.4,0,31,1,5.47,14,2,0,1,1,3,ODI # 4660,Afghanistan-vs-Bangladesh,Afghanistan
Rashid Khan,9,0,48,0,5.33,24,5,0,0,0,4,ODI # 4660,Afghanistan-vs-Bangladesh,Afghanistan
Mohammad Nabi,6,1,18,0,3,20,0,0,1,0,5,ODI # 4660,Afghanistan-vs-Bangladesh,Afghanistan
Azmatullah Omarzai,2,0,9,1,4.5,7,1,0,0,0,6,ODI # 4660,Afghanistan-vs-Bangladesh,Afghanistan
Kasun Rajitha,10,1,90,1,9,24,8,5,2,0,1,ODI # 4661,South-Africa-vs-Sri-Lanka,Sri-Lanka
Dilshan Madushanka,10,0,86,2,8.6,25,12,1,3,1,2,ODI # 4661,South-Africa-vs-Sri-Lanka,Sri-Lanka
Dasun Shanaka,6,0,36,0,6,10,1,1,0,0,3,ODI # 4661,South-Africa-vs-Sri-Lanka,Sri-Lanka
Dhananjaya de Silva,4,0,39,0,9.75,9,4,2,1,0,4,ODI # 4661,South-Africa-vs-Sri-Lanka,Sri-Lanka
Matheesha Pathirana,10,0,95,1,9.5,22,10,2,5,0,5,ODI # 4661,South-Africa-vs-Sri-Lanka,Sri-Lanka
Dunith Wellalage,10,0,81,1,8.1,27,10,3,2,0,6,ODI # 4661,South-Africa-vs-Sri-Lanka,Sri-Lanka
Lungi Ngidi,8,1,49,1,6.12,30,3,4,2,0,1,ODI # 4661,South-Africa-vs-Sri-Lanka,South-Africa
Marco Jansen,10,0,92,2,9.2,31,10,6,3,0,2,ODI # 4661,South-Africa-vs-Sri-Lanka,South-Africa
Kagiso Rabada,7.5,0,50,2,6.38,22,3,2,2,1,3,ODI # 4661,South-Africa-vs-Sri-Lanka,South-Africa
Keshav Maharaj,10,0,62,2,6.2,33,6,2,2,0,4,ODI # 4661,South-Africa-vs-Sri-Lanka,South-Africa
Gerald Coetzee,9,0,68,3,7.55,26,7,3,1,0,5,ODI # 4661,South-Africa-vs-Sri-Lanka,South-Africa
Jasprit Bumrah,10,0,35,2,3.5,41,1,1,4,0,1,ODI # 4662,India-vs-Australia,India
Mohammed Siraj,6.3,1,26,1,4,26,3,0,2,0,2,ODI # 4662,India-vs-Australia,India
Hardik Pandya,3,0,28,1,9.33,8,6,0,0,0,3,ODI # 4662,India-vs-Australia,India
Ravichandran Ashwin,10,1,34,1,3.4,32,2,0,0,0,4,ODI # 4662,India-vs-Australia,India
Kuldeep Yadav,10,0,42,2,4.2,31,2,1,0,0,5,ODI # 4662,India-vs-Australia,India
Ravindra Jadeja,10,2,28,3,2.8,38,2,0,0,0,6,ODI # 4662,India-vs-Australia,India
Mitchell Starc,8,0,31,1,3.87,28,2,0,3,0,1,ODI # 4662,India-vs-Australia,Australia
Josh Hazlewood,9,1,38,3,4.22,33,3,1,1,0,2,ODI # 4662,India-vs-Australia,Australia
Pat Cummins,6.2,0,33,0,5.21,19,2,1,1,1,3,ODI # 4662,India-vs-Australia,Australia
Glenn Maxwell,8,0,33,0,4.12,24,1,1,0,0,4,ODI # 4662,India-vs-Australia,Australia
Cameron Green,2,0,11,0,5.5,7,2,0,0,0,5,ODI # 4662,India-vs-Australia,Australia
Adam Zampa,8,0,53,0,6.62,13,4,0,0,0,6,ODI # 4662,India-vs-Australia,Australia
Aryan Dutt,10,2,62,2,6.2,31,3,3,1,0,1,ODI # 4663,Netherlands-vs-New-Zealand,Netherlands
Ryan Klein,7,1,41,0,5.85,25,7,0,1,0,2,ODI # 4663,Netherlands-vs-New-Zealand,Netherlands
Paul van Meekeren,9,0,59,2,6.55,28,7,2,0,1,3,ODI # 4663,Netherlands-vs-New-Zealand,Netherlands
Roelof van der Merwe,9,0,56,2,6.22,20,5,1,0,0,4,ODI # 4663,Netherlands-vs-New-Zealand,Netherlands
Colin Ackermann,4,0,28,0,7,9,1,2,0,0,5,ODI # 4663,Netherlands-vs-New-Zealand,Netherlands
Bas de Leede,10,0,64,1,6.4,28,6,2,0,1,6,ODI # 4663,Netherlands-vs-New-Zealand,Netherlands
Vikramjit Singh,1,0,9,0,9,1,1,0,0,0,7,ODI # 4663,Netherlands-vs-New-Zealand,Netherlands
Trent Boult,8,0,34,0,4.25,29,3,0,1,0,1,ODI # 4663,Netherlands-vs-New-Zealand,New-Zealand
Matt Henry,8.3,0,40,3,4.7,29,4,0,0,0,2,ODI # 4663,Netherlands-vs-New-Zealand,New-Zealand
Mitchell Santner,10,0,59,5,5.9,30,4,2,0,0,3,ODI # 4663,Netherlands-vs-New-Zealand,New-Zealand
Lockie Ferguson,8,0,32,0,4,31,5,0,0,0,4,ODI # 4663,Netherlands-vs-New-Zealand,New-Zealand
Rachin Ravindra,10,0,46,1,4.6,30,3,1,0,1,5,ODI # 4663,Netherlands-vs-New-Zealand,New-Zealand
Glenn Phillips,2,0,11,0,5.5,2,0,0,0,0,6,ODI # 4663,Netherlands-vs-New-Zealand,New-Zealand
Mustafizur Rahman,10,0,70,0,7,26,6,3,0,0,1,ODI # 4664,Bangladesh-vs-England,Bangladesh
Taskin Ahmed,6,0,38,1,6.33,19,4,1,2,0,2,ODI # 4664,Bangladesh-vs-England,Bangladesh
Shoriful Islam,10,0,75,3,7.5,25,11,0,1,0,3,ODI # 4664,Bangladesh-vs-England,Bangladesh
Mahedi Hasan,8,0,71,4,8.87,17,10,1,0,0,4,ODI # 4664,Bangladesh-vs-England,Bangladesh
Shakib Al Hasan,10,0,52,1,5.2,25,4,0,1,0,5,ODI # 4664,Bangladesh-vs-England,Bangladesh
Mehidy Hasan Miraz,6,0,55,0,9.16,10,6,2,0,0,6,ODI # 4664,Bangladesh-vs-England,Bangladesh
Chris Woakes,8,0,49,2,6.12,24,6,0,0,0,1,ODI # 4664,Bangladesh-vs-England,England
Reece Topley,10,1,43,4,4.3,35,3,1,0,0,2,ODI # 4664,Bangladesh-vs-England,England
Sam Curran,7.2,0,47,1,6.4,15,5,0,2,0,3,ODI # 4664,Bangladesh-vs-England,England
Mark Wood,10,0,29,1,2.9,38,2,0,1,0,4,ODI # 4664,Bangladesh-vs-England,England
Adil Rashid,10,0,42,1,4.2,31,1,1,0,0,5,ODI # 4664,Bangladesh-vs-England,England
Liam Livingstone,3,0,13,1,4.33,11,0,1,0,0,6,ODI # 4664,Bangladesh-vs-England,England
Shaheen Shah Afridi,9,0,66,1,7.33,27,9,1,4,0,1,ODI # 4665,Pakistan-vs-Sri-Lanka,Pakistan
Hasan Ali,10,0,71,4,7.1,32,6,4,3,1,2,ODI # 4665,Pakistan-vs-Sri-Lanka,Pakistan
Mohammad Nawaz,9,0,62,1,6.88,23,7,1,0,0,3,ODI # 4665,Pakistan-vs-Sri-Lanka,Pakistan
Haris Rauf,10,0,64,2,6.4,30,6,2,1,0,4,ODI # 4665,Pakistan-vs-Sri-Lanka,Pakistan
Shadab Khan,8,0,55,1,6.87,20,6,1,0,0,5,ODI # 4665,Pakistan-vs-Sri-Lanka,Pakistan
Iftikhar Ahmed,4,0,22,0,5.5,11,2,0,1,0,6,ODI # 4665,Pakistan-vs-Sri-Lanka,Pakistan
Maheesh Theekshana,10,0,59,1,5.9,23,3,0,1,0,1,ODI # 4665,Pakistan-vs-Sri-Lanka,Sri-Lanka
Dilshan Madushanka,9.2,0,60,2,6.42,27,5,1,2,1,2,ODI # 4665,Pakistan-vs-Sri-Lanka,Sri-Lanka
Dasun Shanaka,5,0,28,0,5.6,10,2,0,0,0,3,ODI # 4665,Pakistan-vs-Sri-Lanka,Sri-Lanka
Matheesha Pathirana,9,0,90,1,10,14,8,1,9,0,4,ODI # 4665,Pakistan-vs-Sri-Lanka,Sri-Lanka
Dunith Wellalage,10,0,62,0,6.2,24,4,2,0,0,5,ODI # 4665,Pakistan-vs-Sri-Lanka,Sri-Lanka
Dhananjaya de Silva,4,0,36,0,9,7,3,2,0,0,6,ODI # 4665,Pakistan-vs-Sri-Lanka,Sri-Lanka
Charith Asalanka,1,0,10,0,10,1,1,0,0,0,7,ODI # 4665,Pakistan-vs-Sri-Lanka,Sri-Lanka
Jasprit Bumrah,10,0,39,4,3.9,41,5,0,3,0,1,ODI # 4666,India-vs-Afghanistan,India
Mohammed Siraj,9,0,76,0,8.44,23,12,1,1,0,2,ODI # 4666,India-vs-Afghanistan,India
Hardik Pandya,7,0,43,2,6.14,23,5,1,2,0,3,ODI # 4666,India-vs-Afghanistan,India
Shardul Thakur,6,0,31,1,5.16,21,2,1,1,1,4,ODI # 4666,India-vs-Afghanistan,India
Kuldeep Yadav,10,0,40,1,4,35,0,3,0,0,5,ODI # 4666,India-vs-Afghanistan,India
Ravindra Jadeja,8,0,38,0,4.75,22,1,1,0,1,6,ODI # 4666,India-vs-Afghanistan,India
Fazalhaq Farooqi,6,0,50,0,8.33,17,6,2,1,0,1,ODI # 4666,India-vs-Afghanistan,Afghanistan
Mujeeb Ur Rahman,8,0,64,0,8,18,6,1,3,0,2,ODI # 4666,India-vs-Afghanistan,Afghanistan
Naveen-ul-Haq,5,0,31,0,6.2,16,4,1,0,0,3,ODI # 4666,India-vs-Afghanistan,Afghanistan
Azmatullah Omarzai,4,0,34,0,8.5,12,5,1,1,0,4,ODI # 4666,India-vs-Afghanistan,Afghanistan
Mohammad Nabi,4,0,32,0,8,11,3,2,0,0,5,ODI # 4666,India-vs-Afghanistan,Afghanistan
Rashid Khan,8,0,57,2,7.12,12,4,1,1,0,6,ODI # 4666,India-vs-Afghanistan,Afghanistan
Mitchell Starc,9,1,53,2,5.88,29,3,3,1,0,1,ODI # 4667,Australia-vs-South-Africa,Australia
Josh Hazlewood,9,0,60,1,6.66,30,7,2,3,0,2,ODI # 4667,Australia-vs-South-Africa,Australia
Glenn Maxwell,10,1,34,2,3.4,32,0,0,2,0,3,ODI # 4667,Australia-vs-South-Africa,Australia
Pat Cummins,9,0,71,1,7.88,19,6,3,0,0,4,ODI # 4667,Australia-vs-South-Africa,Australia
Adam Zampa,10,0,70,1,7,20,9,0,1,0,5,ODI # 4667,Australia-vs-South-Africa,Australia
Mitchell Marsh,1,0,6,0,6,1,0,0,0,0,6,ODI # 4667,Australia-vs-South-Africa,Australia
Marcus Stoinis,2,0,11,0,5.5,5,1,0,0,0,7,ODI # 4667,Australia-vs-South-Africa,Australia
Lungi Ngidi,8,2,18,1,2.25,35,0,0,1,0,1,ODI # 4667,Australia-vs-South-Africa,South-Africa
Marco Jansen,7,0,54,2,7.71,24,8,0,3,1,2,ODI # 4667,Australia-vs-South-Africa,South-Africa
Kagiso Rabada,8,1,33,3,4.12,35,5,0,1,1,3,ODI # 4667,Australia-vs-South-Africa,South-Africa
Keshav Maharaj,10,0,30,2,3,40,2,0,2,0,4,ODI # 4667,Australia-vs-South-Africa,South-Africa
Tabraiz Shamsi,7.5,0,38,2,4.85,24,4,0,0,0,5,ODI # 4667,Australia-vs-South-Africa,South-Africa
Trent Boult,10,0,45,2,4.5,37,5,1,2,0,1,ODI # 4668,Bangladesh-vs-New-Zealand,New-Zealand
Matt Henry,10,0,58,2,5.8,27,6,0,0,1,2,ODI # 4668,Bangladesh-vs-New-Zealand,New-Zealand
Lockie Ferguson,10,0,49,3,4.9,44,4,3,2,2,3,ODI # 4668,Bangladesh-vs-New-Zealand,New-Zealand
Mitchell Santner,10,1,31,1,3.1,36,2,0,0,0,4,ODI # 4668,Bangladesh-vs-New-Zealand,New-Zealand
Glenn Phillips,2,0,13,1,6.5,8,1,1,0,1,5,ODI # 4668,Bangladesh-vs-New-Zealand,New-Zealand
Rachin Ravindra,7,0,37,0,5.28,22,2,2,0,0,6,ODI # 4668,Bangladesh-vs-New-Zealand,New-Zealand
Daryl Mitchell,1,0,11,0,11,1,0,1,0,0,7,ODI # 4668,Bangladesh-vs-New-Zealand,New-Zealand
Mustafizur Rahman,8,0,36,1,4.5,26,3,0,3,0,1,ODI # 4668,Bangladesh-vs-New-Zealand,Bangladesh
Shoriful Islam,7.5,1,43,0,5.48,30,5,1,3,0,2,ODI # 4668,Bangladesh-vs-New-Zealand,Bangladesh
Taskin Ahmed,8,0,56,0,7,20,6,1,3,0,3,ODI # 4668,Bangladesh-vs-New-Zealand,Bangladesh
Shakib Al Hasan,10,0,54,1,5.4,30,2,3,0,0,4,ODI # 4668,Bangladesh-vs-New-Zealand,Bangladesh
Mehidy Hasan Miraz,9,0,58,0,6.44,17,4,1,1,0,5,ODI # 4668,Bangladesh-vs-New-Zealand,Bangladesh
Jasprit Bumrah,7,1,19,2,2.71,33,3,0,1,0,1,ODI # 4669,India-vs-Pakistan,India
Mohammed Siraj,8,0,50,2,6.25,22,7,0,0,0,2,ODI # 4669,India-vs-Pakistan,India
Hardik Pandya,6,0,34,2,5.66,20,6,0,0,0,3,ODI # 4669,India-vs-Pakistan,India
Kuldeep Yadav,10,0,35,2,3.5,38,4,0,0,0,4,ODI # 4669,India-vs-Pakistan,India
Ravindra Jadeja,9.5,0,38,2,3.86,35,4,0,0,0,5,ODI # 4669,India-vs-Pakistan,India
Shardul Thakur,2,0,12,0,6,6,2,0,0,0,6,ODI # 4669,India-vs-Pakistan,India
Shaheen Shah Afridi,6,0,36,2,6,21,5,1,1,0,1,ODI # 4669,India-vs-Pakistan,Pakistan
Hasan Ali,6,0,34,1,5.66,23,7,0,0,0,2,ODI # 4669,India-vs-Pakistan,Pakistan
Mohammad Nawaz,8.3,0,47,0,5.52,23,3,2,0,0,3,ODI # 4669,India-vs-Pakistan,Pakistan
Haris Rauf,6,0,43,0,7.16,14,1,3,0,0,4,ODI # 4669,India-vs-Pakistan,Pakistan
Shadab Khan,4,0,31,0,7.75,10,2,2,0,0,5,ODI # 4669,India-vs-Pakistan,Pakistan
Chris Woakes,4,0,41,0,10.25,13,4,2,2,0,1,ODI # 4670,Afghanistan-vs-England,England
Reece Topley,8.5,1,52,1,5.88,30,5,1,3,1,2,ODI # 4670,Afghanistan-vs-England,England
Sam Curran,4,0,46,0,11.5,9,5,2,0,2,3,ODI # 4670,Afghanistan-vs-England,England
Adil Rashid,10,1,42,3,4.2,29,1,1,1,0,4,ODI # 4670,Afghanistan-vs-England,England
Mark Wood,9,0,50,2,5.55,27,5,1,0,0,5,ODI # 4670,Afghanistan-vs-England,England
Liam Livingstone,10,0,33,1,3.3,31,1,0,0,0,6,ODI # 4670,Afghanistan-vs-England,England
Joe Root,4,0,19,1,4.75,16,2,1,0,0,7,ODI # 4670,Afghanistan-vs-England,England
Mujeeb Ur Rahman,10,1,51,3,5.1,31,2,1,1,0,1,ODI # 4670,Afghanistan-vs-England,Afghanistan
Fazalhaq Farooqi,7,0,50,1,7.14,23,9,0,2,0,2,ODI # 4670,Afghanistan-vs-England,Afghanistan
Naveen-ul-Haq,6,1,44,1,7.33,17,8,0,0,1,3,ODI # 4670,Afghanistan-vs-England,Afghanistan
Mohammad Nabi,6,0,16,2,2.66,23,0,0,1,0,4,ODI # 4670,Afghanistan-vs-England,Afghanistan
Rashid Khan,9.3,1,37,3,3.89,30,3,0,0,0,5,ODI # 4670,Afghanistan-vs-England,Afghanistan
Azmatullah Omarzai,2,0,13,0,6.5,5,2,0,0,0,6,ODI # 4670,Afghanistan-vs-England,Afghanistan
Mitchell Starc,10,0,43,2,4.3,37,5,0,4,0,1,ODI # 4671,Australia-vs-Sri-Lanka,Australia
Josh Hazlewood,7,1,36,0,5.14,28,6,0,1,0,2,ODI # 4671,Australia-vs-Sri-Lanka,Australia
Pat Cummins,7,0,32,2,4.57,24,4,0,1,0,3,ODI # 4671,Australia-vs-Sri-Lanka,Australia
Glenn Maxwell,9.3,0,36,1,3.78,30,2,0,1,0,4,ODI # 4671,Australia-vs-Sri-Lanka,Australia
Adam Zampa,8,1,47,4,5.87,26,5,1,2,0,5,ODI # 4671,Australia-vs-Sri-Lanka,Australia
Marcus Stoinis,2,0,11,0,5.5,5,1,0,0,0,6,ODI # 4671,Australia-vs-Sri-Lanka,Australia
Lahiru Kumara,4,0,47,0,11.75,8,5,2,0,0,1,ODI # 4671,Australia-vs-Sri-Lanka,Sri-Lanka
Dilshan Madushanka,9,2,38,3,4.22,34,5,0,1,0,2,ODI # 4671,Australia-vs-Sri-Lanka,Sri-Lanka
Maheesh Theekshana,7,0,49,0,7,19,5,2,0,0,3,ODI # 4671,Australia-vs-Sri-Lanka,Sri-Lanka
Dunith Wellalage,9.2,0,53,1,5.67,29,6,1,0,0,4,ODI # 4671,Australia-vs-Sri-Lanka,Sri-Lanka
Chamika Karunaratne,3,0,15,0,5,9,1,0,2,0,5,ODI # 4671,Australia-vs-Sri-Lanka,Sri-Lanka
Dhananjaya de Silva,3,0,13,0,4.33,8,0,0,0,0,6,ODI # 4671,Australia-vs-Sri-Lanka,Sri-Lanka
Lungi Ngidi,9,1,57,2,6.33,31,5,1,6,1,1,ODI # 4672,Netherlands-vs-South-Africa,South-Africa
Marco Jansen,8,1,27,2,3.37,36,3,0,6,0,2,ODI # 4672,Netherlands-vs-South-Africa,South-Africa
Kagiso Rabada,9,1,56,2,6.22,30,5,2,3,0,3,ODI # 4672,Netherlands-vs-South-Africa,South-Africa
Gerald Coetzee,8,0,57,1,7.12,25,5,3,2,0,4,ODI # 4672,Netherlands-vs-South-Africa,South-Africa
Keshav Maharaj,9,0,38,1,4.22,34,5,0,0,0,5,ODI # 4672,Netherlands-vs-South-Africa,South-Africa
Aryan Dutt,5,1,19,0,3.8,21,3,0,0,0,1,ODI # 4672,Netherlands-vs-South-Africa,Netherlands
Logan van Beek,8.5,0,60,3,6.79,30,7,2,1,1,2,ODI # 4672,Netherlands-vs-South-Africa,Netherlands
Colin Ackermann,3,0,16,1,5.33,13,2,1,0,0,3,ODI # 4672,Netherlands-vs-South-Africa,Netherlands
Paul van Meekeren,9,0,40,2,4.44,33,4,1,0,0,4,ODI # 4672,Netherlands-vs-South-Africa,Netherlands
Roelof van der Merwe,9,0,34,2,3.77,29,1,1,0,0,5,ODI # 4672,Netherlands-vs-South-Africa,Netherlands
Bas de Leede,8,0,36,2,4.5,28,3,0,4,0,6,ODI # 4672,Netherlands-vs-South-Africa,Netherlands
Mujeeb Ur Rahman,10,0,57,1,5.7,32,4,2,1,0,1,ODI # 4673,Afghanistan-vs-New-Zealand,Afghanistan
Fazalhaq Farooqi,7,1,39,0,5.57,23,2,2,2,0,2,ODI # 4673,Afghanistan-vs-New-Zealand,Afghanistan
Naveen-ul-Haq,8,0,48,2,6,17,4,0,0,0,3,ODI # 4673,Afghanistan-vs-New-Zealand,Afghanistan
Mohammad Nabi,8,1,41,0,5.12,30,1,4,0,0,4,ODI # 4673,Afghanistan-vs-New-Zealand,Afghanistan
Rashid Khan,10,0,43,1,4.3,35,4,0,2,0,5,ODI # 4673,Afghanistan-vs-New-Zealand,Afghanistan
Azmatullah Omarzai,7,0,56,2,8,17,4,3,0,1,6,ODI # 4673,Afghanistan-vs-New-Zealand,Afghanistan
Trent Boult,7,1,18,2,2.57,32,1,0,2,0,1,ODI # 4673,Afghanistan-vs-New-Zealand,New-Zealand
Matt Henry,5,2,16,1,3.2,22,1,1,0,0,2,ODI # 4673,Afghanistan-vs-New-Zealand,New-Zealand
Mitchell Santner,7.4,0,39,3,5.08,24,3,1,1,0,3,ODI # 4673,Afghanistan-vs-New-Zealand,New-Zealand
Lockie Ferguson,7,1,19,3,2.71,32,2,0,1,0,4,ODI # 4673,Afghanistan-vs-New-Zealand,New-Zealand
Glenn Phillips,3,0,13,0,4.33,7,0,0,1,0,5,ODI # 4673,Afghanistan-vs-New-Zealand,New-Zealand
Rachin Ravindra,5,0,34,1,6.8,11,4,0,0,0,6,ODI # 4673,Afghanistan-vs-New-Zealand,New-Zealand
Jasprit Bumrah,10,1,41,2,4.1,39,2,2,1,0,1,ODI # 4674,India-vs-Bangladesh,India
Mohammed Siraj,10,0,60,2,6,34,8,1,3,0,2,ODI # 4674,India-vs-Bangladesh,India
Hardik Pandya,0.3,0,8,0,16,1,2,0,0,0,3,ODI # 4674,India-vs-Bangladesh,India
Virat Kohli,0.3,0,2,0,4,1,0,0,0,0,4,ODI # 4674,India-vs-Bangladesh,India
Shardul Thakur,9,0,59,1,6.55,23,3,3,0,0,5,ODI # 4674,India-vs-Bangladesh,India
Kuldeep Yadav,10,0,47,1,4.7,25,1,1,1,0,6,ODI # 4674,India-vs-Bangladesh,India
Ravindra Jadeja,10,0,38,2,3.8,36,2,1,0,0,7,ODI # 4674,India-vs-Bangladesh,India
Shoriful Islam,8,0,54,0,6.75,25,6,2,0,0,1,ODI # 4674,India-vs-Bangladesh,Bangladesh
Mustafizur Rahman,5,0,29,0,5.8,17,5,0,0,0,2,ODI # 4674,India-vs-Bangladesh,Bangladesh
Nasum Ahmed,9.3,0,60,0,6.31,30,4,4,0,0,3,ODI # 4674,India-vs-Bangladesh,Bangladesh
Hasan Mahmud,8,0,65,1,8.12,22,5,3,1,2,4,ODI # 4674,India-vs-Bangladesh,Bangladesh
Mehidy Hasan Miraz,10,0,47,2,4.7,24,3,0,1,0,5,ODI # 4674,India-vs-Bangladesh,Bangladesh
Mahmudullah,1,0,6,0,6,0,0,0,0,0,6,ODI # 4674,India-vs-Bangladesh,Bangladesh
Shaheen Shah Afridi,10,1,54,5,5.4,39,4,3,3,0,1,ODI # 4675,Australia-vs-Pakistan,Pakistan
Hasan Ali,8,0,57,0,7.12,26,4,3,3,0,2,ODI # 4675,Australia-vs-Pakistan,Pakistan
Iftikhar Ahmed,8,0,37,0,4.62,30,4,1,2,0,3,ODI # 4675,Australia-vs-Pakistan,Pakistan
Haris Rauf,8,0,83,3,10.37,18,8,5,3,0,4,ODI # 4675,Australia-vs-Pakistan,Pakistan
Usama Mir,9,0,82,1,9.11,19,6,5,2,0,5,ODI # 4675,Australia-vs-Pakistan,Pakistan
Mohammad Nawaz,7,0,43,0,6.14,20,3,2,0,0,6,ODI # 4675,Australia-vs-Pakistan,Pakistan
Mitchell Starc,8,0,65,1,8.12,22,10,0,6,0,1,ODI # 4675,Australia-vs-Pakistan,Australia
Josh Hazlewood,10,1,37,1,3.7,40,5,0,1,0,2,ODI # 4675,Australia-vs-Pakistan,Australia
Pat Cummins,7.3,0,62,2,8.26,22,6,4,0,0,3,ODI # 4675,Australia-vs-Pakistan,Australia
Adam Zampa,10,0,53,4,5.3,25,3,1,1,0,4,ODI # 4675,Australia-vs-Pakistan,Australia
Glenn Maxwell,5,0,40,0,8,10,6,0,0,0,5,ODI # 4675,Australia-vs-Pakistan,Australia
Marcus Stoinis,5,0,40,2,8,10,4,1,3,0,6,ODI # 4675,Australia-vs-Pakistan,Australia
Dilshan Madushanka,9.4,1,49,4,5.06,33,4,0,3,1,1,ODI # 4676,Netherlands-vs-Sri-Lanka,Sri-Lanka
Kasun Rajitha,9,0,50,4,5.55,32,5,0,6,0,2,ODI # 4676,Netherlands-vs-Sri-Lanka,Sri-Lanka
Chamika Karunaratne,9,1,58,0,6.44,25,1,2,6,0,3,ODI # 4676,Netherlands-vs-Sri-Lanka,Sri-Lanka
Maheesh Theekshana,10,0,44,1,4.4,28,0,0,2,0,4,ODI # 4676,Netherlands-vs-Sri-Lanka,Sri-Lanka
Dushan Hemantha,8,0,42,0,5.25,23,3,1,0,0,5,ODI # 4676,Netherlands-vs-Sri-Lanka,Sri-Lanka
Dhananjaya de Silva,4,0,13,0,3.25,16,0,0,3,0,6,ODI # 4676,Netherlands-vs-Sri-Lanka,Sri-Lanka
Aryan Dutt,10,0,44,3,4.4,38,3,1,2,0,1,ODI # 4676,Netherlands-vs-Sri-Lanka,Netherlands
Logan van Beek,10,0,57,0,5.7,36,6,2,0,0,2,ODI # 4676,Netherlands-vs-Sri-Lanka,Netherlands
Paul van Meekeren,8,1,39,1,4.87,29,4,0,2,0,3,ODI # 4676,Netherlands-vs-Sri-Lanka,Netherlands
Bas de Leede,3,0,29,0,9.66,7,4,0,2,0,4,ODI # 4676,Netherlands-vs-Sri-Lanka,Netherlands
Roelof van der Merwe,9,0,42,0,4.66,25,3,0,1,0,5,ODI # 4676,Netherlands-vs-Sri-Lanka,Netherlands
Colin Ackermann,8.2,0,39,1,4.68,25,3,0,0,0,6,ODI # 4676,Netherlands-vs-Sri-Lanka,Netherlands
Reece Topley,8.5,0,88,3,9.96,23,10,4,4,0,1,ODI # 4677,England-vs-South-Africa,England
David Willey,9,1,61,0,6.77,27,6,2,3,1,2,ODI # 4677,England-vs-South-Africa,England
Joe Root,6.1,0,48,0,7.78,6,2,2,0,0,3,ODI # 4677,England-vs-South-Africa,England
Gus Atkinson,9,0,60,2,6.66,27,6,2,1,0,4,ODI # 4677,England-vs-South-Africa,England
Mark Wood,7,0,76,0,10.85,9,10,2,1,0,5,ODI # 4677,England-vs-South-Africa,England
Adil Rashid,10,0,61,2,6.1,20,4,1,0,0,6,ODI # 4677,England-vs-South-Africa,England
Lungi Ngidi,5,1,26,2,5.2,23,2,2,3,0,1,ODI # 4677,England-vs-South-Africa,South-Africa
Marco Jansen,5,0,35,2,7,19,4,2,1,0,2,ODI # 4677,England-vs-South-Africa,South-Africa
Kagiso Rabada,6,1,38,1,6.33,24,6,1,0,1,3,ODI # 4677,England-vs-South-Africa,South-Africa
Gerald Coetzee,4,0,35,3,8.75,13,5,1,1,0,4,ODI # 4677,England-vs-South-Africa,South-Africa
Keshav Maharaj,2,0,27,1,13.5,4,1,3,0,0,5,ODI # 4677,England-vs-South-Africa,South-Africa
Jasprit Bumrah,10,1,45,1,4.5,34,5,0,0,0,1,ODI # 4678,India-vs-New-Zealand,India
Mohammed Siraj,10,1,45,1,4.5,34,3,1,4,0,2,ODI # 4678,India-vs-New-Zealand,India
Mohammed Shami,10,0,54,5,5.4,32,6,1,0,0,3,ODI # 4678,India-vs-New-Zealand,India
Ravindra Jadeja,10,0,48,0,4.8,28,2,1,0,0,4,ODI # 4678,India-vs-New-Zealand,India
Kuldeep Yadav,10,0,73,2,7.3,25,3,4,3,0,5,ODI # 4678,India-vs-New-Zealand,India
Trent Boult,10,0,60,1,6,33,6,2,1,0,1,ODI # 4678,India-vs-New-Zealand,New-Zealand
Matt Henry,9,0,55,1,6.11,31,7,2,0,0,2,ODI # 4678,India-vs-New-Zealand,New-Zealand
Mitchell Santner,10,0,37,1,3.7,32,1,1,0,0,3,ODI # 4678,India-vs-New-Zealand,New-Zealand
Lockie Ferguson,8,0,63,2,7.87,22,11,0,2,0,4,ODI # 4678,India-vs-New-Zealand,New-Zealand
Rachin Ravindra,9,0,46,0,5.11,28,3,2,1,0,5,ODI # 4678,India-vs-New-Zealand,New-Zealand
Glenn Phillips,2,0,12,0,6,3,1,0,0,0,6,ODI # 4678,India-vs-New-Zealand,New-Zealand
Naveen-ul-Haq,7,0,52,2,7.42,22,4,3,3,0,1,ODI # 4679,Afghanistan-vs-Pakistan,Afghanistan
Mujeeb Ur Rahman,8,0,55,0,6.87,20,5,2,0,0,2,ODI # 4679,Afghanistan-vs-Pakistan,Afghanistan
Mohammad Nabi,10,0,31,1,3.1,37,2,0,0,0,3,ODI # 4679,Afghanistan-vs-Pakistan,Afghanistan
Azmatullah Omarzai,5,0,50,1,10,9,4,2,3,0,4,ODI # 4679,Afghanistan-vs-Pakistan,Afghanistan
Rashid Khan,10,0,41,0,4.1,30,1,1,0,0,5,ODI # 4679,Afghanistan-vs-Pakistan,Afghanistan
Noor Ahmad,10,0,49,3,4.9,27,1,1,4,1,6,ODI # 4679,Afghanistan-vs-Pakistan,Afghanistan
Shaheen Shah Afridi,10,0,58,1,5.8,27,5,0,2,0,1,ODI # 4679,Afghanistan-vs-Pakistan,Pakistan
Hasan Ali,10,1,44,1,4.4,42,4,2,1,0,2,ODI # 4679,Afghanistan-vs-Pakistan,Pakistan
Haris Rauf,8,1,53,0,6.62,19,6,0,3,0,3,ODI # 4679,Afghanistan-vs-Pakistan,Pakistan
Usama Mir,8,0,55,0,6.87,19,6,0,2,1,4,ODI # 4679,Afghanistan-vs-Pakistan,Pakistan
Shadab Khan,8,0,49,0,6.12,22,6,0,0,0,5,ODI # 4679,Afghanistan-vs-Pakistan,Pakistan
Iftikhar Ahmed,5,0,27,0,5.4,15,1,1,0,0,6,ODI # 4679,Afghanistan-vs-Pakistan,Pakistan
Mustafizur Rahman,9,0,76,0,8.44,15,7,2,2,0,1,ODI # 4680,Bangladesh-vs-South-Africa,Bangladesh
Mehidy Hasan Miraz,9,0,44,1,4.88,29,3,1,2,0,2,ODI # 4680,Bangladesh-vs-South-Africa,Bangladesh
Shoriful Islam,9,0,76,1,8.44,19,6,4,0,0,3,ODI # 4680,Bangladesh-vs-South-Africa,Bangladesh
Shakib Al Hasan,9,0,69,1,7.66,24,5,4,1,0,4,ODI # 4680,Bangladesh-vs-South-Africa,Bangladesh
Hasan Mahmud,6,0,67,2,11.16,12,3,6,1,0,5,ODI # 4680,Bangladesh-vs-South-Africa,Bangladesh
Nasum Ahmed,5,0,27,0,5.4,11,1,1,0,0,6,ODI # 4680,Bangladesh-vs-South-Africa,Bangladesh
Mahmudullah,3,0,20,0,6.66,7,1,1,1,0,7,ODI # 4680,Bangladesh-vs-South-Africa,Bangladesh
Marco Jansen,8,0,39,2,4.87,34,5,0,5,0,1,ODI # 4680,Bangladesh-vs-South-Africa,South-Africa
Lizaad Williams,8.4,1,56,2,6.46,33,7,2,5,0,2,ODI # 4680,Bangladesh-vs-South-Africa,South-Africa
Gerald Coetzee,10,0,62,3,6.2,36,8,2,1,1,3,ODI # 4680,Bangladesh-vs-South-Africa,South-Africa
Kagiso Rabada,10,1,42,2,4.2,36,3,1,0,1,4,ODI # 4680,Bangladesh-vs-South-Africa,South-Africa
Keshav Maharaj,10,0,32,1,3.2,36,2,0,1,0,5,ODI # 4680,Bangladesh-vs-South-Africa,South-Africa
Aryan Dutt,7,0,59,1,8.42,17,9,1,0,0,1,ODI # 4681,Australia-vs-Netherlands,Netherlands
Colin Ackermann,4,0,19,0,4.75,10,0,1,0,0,2,ODI # 4681,Australia-vs-Netherlands,Netherlands
Logan van Beek,10,0,74,4,7.4,31,7,3,5,0,3,ODI # 4681,Australia-vs-Netherlands,Netherlands
Paul van Meekeren,10,0,64,0,6.4,29,7,1,3,0,4,ODI # 4681,Australia-vs-Netherlands,Netherlands
Vikramjit Singh,4,0,27,0,6.75,13,3,1,1,0,5,ODI # 4681,Australia-vs-Netherlands,Netherlands
Roelof van der Merwe,5,0,41,0,8.2,11,3,2,1,0,6,ODI # 4681,Australia-vs-Netherlands,Netherlands
Bas de Leede,10,0,115,2,11.5,20,13,6,1,1,7,ODI # 4681,Australia-vs-Netherlands,Netherlands
Mitchell Starc,4,0,22,1,5.5,19,5,0,2,0,1,ODI # 4681,Australia-vs-Netherlands,Australia
Josh Hazlewood,6,0,27,1,4.5,25,4,0,2,0,2,ODI # 4681,Australia-vs-Netherlands,Australia
Pat Cummins,4,0,14,1,3.5,16,2,0,0,0,3,ODI # 4681,Australia-vs-Netherlands,Australia
Mitchell Marsh,4,0,19,2,4.75,15,2,0,3,0,4,ODI # 4681,Australia-vs-Netherlands,Australia
Adam Zampa,3,0,8,4,2.66,10,0,0,0,0,5,ODI # 4681,Australia-vs-Netherlands,Australia
Dilshan Madushanka,5,0,37,0,7.4,18,7,0,0,0,1,ODI # 4682,England-vs-Sri-Lanka,Sri-Lanka
Kasun Rajitha,7,0,36,2,5.14,25,5,0,1,0,2,ODI # 4682,England-vs-Sri-Lanka,Sri-Lanka
Maheesh Theekshana,8.2,1,21,1,2.52,36,1,0,3,0,3,ODI # 4682,England-vs-Sri-Lanka,Sri-Lanka
Angelo Mathews,5,1,14,2,2.8,17,0,0,0,0,4,ODI # 4682,England-vs-Sri-Lanka,Sri-Lanka
Lahiru Kumara,7,0,35,3,5,25,4,1,0,0,5,ODI # 4682,England-vs-Sri-Lanka,Sri-Lanka
Dhananjaya de Silva,1,0,10,0,10,2,2,0,0,0,6,ODI # 4682,England-vs-Sri-Lanka,Sri-Lanka
Chris Woakes,6,0,30,0,5,21,4,0,2,0,1,ODI # 4682,England-vs-Sri-Lanka,England
David Willey,5,0,30,2,6,18,5,0,1,0,2,ODI # 4682,England-vs-Sri-Lanka,England
Adil Rashid,4.4,0,39,0,8.35,9,1,3,0,0,3,ODI # 4682,England-vs-Sri-Lanka,England
Mark Wood,4,0,23,0,5.75,12,3,0,0,0,4,ODI # 4682,England-vs-Sri-Lanka,England
Liam Livingstone,3,0,17,0,5.66,8,2,0,0,0,5,ODI # 4682,England-vs-Sri-Lanka,England
Moeen Ali,3,0,21,0,7,5,2,0,0,0,6,ODI # 4682,England-vs-Sri-Lanka,England
Marco Jansen,9,1,43,3,4.77,40,5,0,6,2,1,ODI # 4683,Pakistan-vs-South-Africa,South-Africa
Lungi Ngidi,7.4,0,45,1,5.86,26,6,0,3,0,2,ODI # 4683,Pakistan-vs-South-Africa,South-Africa
Aiden Markram,4,0,20,0,5,12,2,0,0,0,3,ODI # 4683,Pakistan-vs-South-Africa,South-Africa
Keshav Maharaj,9,0,56,0,6.22,30,4,4,0,0,4,ODI # 4683,Pakistan-vs-South-Africa,South-Africa
Gerald Coetzee,7,0,42,2,6,20,4,1,1,0,5,ODI # 4683,Pakistan-vs-South-Africa,South-Africa
Tabraiz Shamsi,10,0,60,4,6,28,2,3,1,2,6,ODI # 4683,Pakistan-vs-South-Africa,South-Africa
Iftikhar Ahmed,3,0,23,0,7.66,9,1,1,1,0,1,ODI # 4683,Pakistan-vs-South-Africa,Pakistan
Shaheen Shah Afridi,10,0,45,3,4.5,37,5,0,3,0,2,ODI # 4683,Pakistan-vs-South-Africa,Pakistan
Mohammad Nawaz,6.2,0,40,0,6.31,15,4,1,0,0,3,ODI # 4683,Pakistan-vs-South-Africa,Pakistan
Haris Rauf,10,0,62,2,6.2,29,3,3,2,0,4,ODI # 4683,Pakistan-vs-South-Africa,Pakistan
Mohammad Wasim,10,1,50,2,5,37,7,0,3,0,5,ODI # 4683,Pakistan-vs-South-Africa,Pakistan
Usama Mir,8,0,45,2,5.62,25,1,3,1,0,6,ODI # 4683,Pakistan-vs-South-Africa,Pakistan
Matt Henry,6.2,0,67,1,10.57,21,8,4,2,2,1,ODI # 4684,Australia-vs-New-Zealand,New-Zealand
Trent Boult,10,0,77,3,7.7,25,7,3,3,0,2,ODI # 4684,Australia-vs-New-Zealand,New-Zealand
Lockie Ferguson,3,0,38,0,12.66,6,3,3,0,0,3,ODI # 4684,Australia-vs-New-Zealand,New-Zealand
Mitchell Santner,10,0,80,2,8,23,6,4,1,0,4,ODI # 4684,Australia-vs-New-Zealand,New-Zealand
Glenn Phillips,10,0,37,3,3.7,30,2,0,0,0,5,ODI # 4684,Australia-vs-New-Zealand,New-Zealand
Rachin Ravindra,8,0,56,0,7,18,5,2,0,0,6,ODI # 4684,Australia-vs-New-Zealand,New-Zealand
James Neesham,2,0,32,1,16,4,1,4,0,0,7,ODI # 4684,Australia-vs-New-Zealand,New-Zealand
Mitchell Starc,9,0,89,0,9.88,21,6,3,9,0,1,ODI # 4684,Australia-vs-New-Zealand,Australia
Josh Hazlewood,9,0,70,2,7.77,24,9,2,1,0,2,ODI # 4684,Australia-vs-New-Zealand,Australia
Pat Cummins,10,0,66,2,6.6,26,7,1,3,0,3,ODI # 4684,Australia-vs-New-Zealand,Australia
Glenn Maxwell,10,0,62,1,6.2,22,4,2,0,0,4,ODI # 4684,Australia-vs-New-Zealand,Australia
Adam Zampa,10,0,74,3,7.4,22,6,3,0,0,5,ODI # 4684,Australia-vs-New-Zealand,Australia
Mitchell Marsh,2,0,18,0,9,3,1,1,1,0,6,ODI # 4684,Australia-vs-New-Zealand,Australia
Shoriful Islam,10,0,51,2,5.1,38,5,1,3,0,1,ODI # 4685,Bangladesh-vs-Netherlands,Bangladesh
Taskin Ahmed,9,1,43,2,4.77,32,6,0,1,0,2,ODI # 4685,Bangladesh-vs-Netherlands,Bangladesh
Shakib Al Hasan,10,1,37,1,3.7,35,4,0,0,0,3,ODI # 4685,Bangladesh-vs-Netherlands,Bangladesh
Mehidy Hasan Miraz,4,0,17,0,4.25,10,1,0,0,0,4,ODI # 4685,Bangladesh-vs-Netherlands,Bangladesh
Mustafizur Rahman,10,1,36,2,3.6,36,3,0,1,0,5,ODI # 4685,Bangladesh-vs-Netherlands,Bangladesh
Mahedi Hasan,7,0,40,2,5.71,23,3,1,1,0,6,ODI # 4685,Bangladesh-vs-Netherlands,Bangladesh
Aryan Dutt,10,3,26,1,2.6,48,3,1,0,0,1,ODI # 4685,Bangladesh-vs-Netherlands,Netherlands
Logan van Beek,9,1,30,1,3.33,39,3,0,4,0,2,ODI # 4685,Bangladesh-vs-Netherlands,Netherlands
Colin Ackermann,7,1,25,1,3.57,29,2,1,0,0,3,ODI # 4685,Bangladesh-vs-Netherlands,Netherlands
Paul van Meekeren,7.2,0,23,4,3.13,30,2,0,2,0,4,ODI # 4685,Bangladesh-vs-Netherlands,Netherlands
Bas de Leede,7,0,25,2,3.57,30,4,0,0,0,5,ODI # 4685,Bangladesh-vs-Netherlands,Netherlands
Shariz Ahmad,2,0,13,0,6.5,5,2,0,0,0,6,ODI # 4685,Bangladesh-vs-Netherlands,Netherlands
David Willey,10,2,45,3,4.5,39,4,2,0,0,1,ODI # 4686,India-vs-England,England
Chris Woakes,9,1,33,2,3.66,36,3,0,1,0,2,ODI # 4686,India-vs-England,England
Adil Rashid,10,0,35,2,3.5,35,3,0,0,0,3,ODI # 4686,India-vs-England,England
Mark Wood,9,1,46,1,5.11,32,3,2,2,0,4,ODI # 4686,India-vs-England,England
Liam Livingstone,4,1,29,0,7.25,13,5,0,0,0,5,ODI # 4686,India-vs-England,England
Moeen Ali,8,0,37,0,4.62,19,2,0,0,0,6,ODI # 4686,India-vs-England,England
Jasprit Bumrah,6.5,1,32,3,4.68,31,3,2,2,0,1,ODI # 4686,India-vs-England,India
Mohammed Siraj,6,0,33,0,5.5,22,3,1,2,0,2,ODI # 4686,India-vs-England,India
Mohammed Shami,7,2,22,4,3.14,33,3,0,2,0,3,ODI # 4686,India-vs-England,India
Kuldeep Yadav,8,0,24,2,3,28,1,0,0,0,4,ODI # 4686,India-vs-England,India
Ravindra Jadeja,7,1,16,1,2.28,27,0,0,0,0,5,ODI # 4686,India-vs-England,India
Mujeeb Ur Rahman,10,0,38,2,3.8,29,2,0,0,0,1,ODI # 4687,Afghanistan-vs-Sri-Lanka,Afghanistan
Fazalhaq Farooqi,10,1,34,4,3.4,42,3,1,0,0,2,ODI # 4687,Afghanistan-vs-Sri-Lanka,Afghanistan
Naveen-ul-Haq,6.3,0,47,0,7.23,16,5,1,2,0,3,ODI # 4687,Afghanistan-vs-Sri-Lanka,Afghanistan
Azmatullah Omarzai,7,0,37,1,5.28,22,5,0,1,0,4,ODI # 4687,Afghanistan-vs-Sri-Lanka,Afghanistan
Rashid Khan,10,0,50,1,5,27,3,0,2,0,5,ODI # 4687,Afghanistan-vs-Sri-Lanka,Afghanistan
Mohammad Nabi,6,0,33,0,5.5,11,1,0,0,0,6,ODI # 4687,Afghanistan-vs-Sri-Lanka,Afghanistan
Dilshan Madushanka,9,0,48,2,5.33,28,4,1,3,0,1,ODI # 4687,Afghanistan-vs-Sri-Lanka,Sri-Lanka
Kasun Rajitha,10,0,48,1,4.8,37,4,1,2,0,2,ODI # 4687,Afghanistan-vs-Sri-Lanka,Sri-Lanka
Angelo Mathews,3,0,18,0,6,8,2,0,0,0,3,ODI # 4687,Afghanistan-vs-Sri-Lanka,Sri-Lanka
Dushmantha Chameera,9.2,0,51,0,5.46,29,4,2,0,0,4,ODI # 4687,Afghanistan-vs-Sri-Lanka,Sri-Lanka
Maheesh Theekshana,10,0,55,0,5.5,25,3,1,3,0,5,ODI # 4687,Afghanistan-vs-Sri-Lanka,Sri-Lanka
Dhananjaya de Silva,4,0,21,0,5.25,9,2,0,0,0,6,ODI # 4687,Afghanistan-vs-Sri-Lanka,Sri-Lanka
Shaheen Shah Afridi,9,1,23,3,2.55,40,2,0,2,0,1,ODI # 4688,Bangladesh-vs-Pakistan,Pakistan
Iftikhar Ahmed,10,0,44,1,4.4,32,5,0,0,0,2,ODI # 4688,Bangladesh-vs-Pakistan,Pakistan
Haris Rauf,8,0,36,2,4.5,28,3,0,2,0,3,ODI # 4688,Bangladesh-vs-Pakistan,Pakistan
Mohammad Wasim,8.1,1,31,3,3.79,31,4,0,0,0,4,ODI # 4688,Bangladesh-vs-Pakistan,Pakistan
Usama Mir,10,0,66,1,6.6,27,5,3,1,0,5,ODI # 4688,Bangladesh-vs-Pakistan,Pakistan
Taskin Ahmed,6,1,36,0,6,21,2,3,0,0,1,ODI # 4688,Bangladesh-vs-Pakistan,Bangladesh
Shoriful Islam,4,1,25,0,6.25,16,3,1,1,0,2,ODI # 4688,Bangladesh-vs-Pakistan,Bangladesh
Mehidy Hasan Miraz,9,0,60,3,6.66,25,3,4,0,0,3,ODI # 4688,Bangladesh-vs-Pakistan,Bangladesh
Mustafizur Rahman,7,0,47,0,6.71,23,9,0,1,0,4,ODI # 4688,Bangladesh-vs-Pakistan,Bangladesh
Shakib Al Hasan,5.3,0,30,0,5.45,13,1,1,0,0,5,ODI # 4688,Bangladesh-vs-Pakistan,Bangladesh
Najmul Hossain Shanto,1,0,5,0,5,4,1,0,0,0,6,ODI # 4688,Bangladesh-vs-Pakistan,Bangladesh
Trent Boult,10,1,49,1,4.9,35,5,1,2,0,1,ODI # 4689,New-Zealand-vs-South-Africa,New-Zealand
Matt Henry,5.3,0,31,0,5.63,20,4,1,1,0,2,ODI # 4689,New-Zealand-vs-South-Africa,New-Zealand
Tim Southee,10,0,77,2,7.7,19,6,3,1,0,3,ODI # 4689,New-Zealand-vs-South-Africa,New-Zealand
Mitchell Santner,10,0,58,0,5.8,18,2,1,2,0,4,ODI # 4689,New-Zealand-vs-South-Africa,New-Zealand
Glenn Phillips,7,0,52,0,7.42,15,2,3,2,0,5,ODI # 4689,New-Zealand-vs-South-Africa,New-Zealand
Rachin Ravindra,2,0,17,0,8.5,6,2,1,0,0,6,ODI # 4689,New-Zealand-vs-South-Africa,New-Zealand
James Neesham,5.3,0,69,1,12.54,7,5,5,0,0,7,ODI # 4689,New-Zealand-vs-South-Africa,New-Zealand
Marco Jansen,8,1,31,3,3.87,29,3,0,1,1,1,ODI # 4689,New-Zealand-vs-South-Africa,South-Africa
Lungi Ngidi,6,1,28,0,4.66,23,4,0,0,0,2,ODI # 4689,New-Zealand-vs-South-Africa,South-Africa
Kagiso Rabada,6,2,16,1,2.66,27,2,0,0,0,3,ODI # 4689,New-Zealand-vs-South-Africa,South-Africa
Gerald Coetzee,6.3,0,41,2,6.3,24,5,1,1,0,4,ODI # 4689,New-Zealand-vs-South-Africa,South-Africa
Keshav Maharaj,9,0,46,4,5.11,32,3,3,0,0,5,ODI # 4689,New-Zealand-vs-South-Africa,South-Africa
Dilshan Madushanka,10,0,80,5,8,25,8,2,6,0,1,ODI # 4690,India-vs-Sri-Lanka,Sri-Lanka
Dushmantha Chameera,10,2,71,1,7.1,28,8,2,0,0,2,ODI # 4690,India-vs-Sri-Lanka,Sri-Lanka
Kasun Rajitha,9,0,65,0,7.22,25,7,2,1,0,3,ODI # 4690,India-vs-Sri-Lanka,Sri-Lanka
Angelo Mathews,3,0,11,0,3.66,10,1,0,0,0,4,ODI # 4690,India-vs-Sri-Lanka,Sri-Lanka
Maheesh Theekshana,10,0,67,0,6.7,18,5,1,1,0,5,ODI # 4690,India-vs-Sri-Lanka,Sri-Lanka
Dushan Hemantha,8,0,52,0,6.5,17,2,2,0,1,6,ODI # 4690,India-vs-Sri-Lanka,Sri-Lanka
Jasprit Bumrah,5,1,8,1,1.6,26,0,0,3,0,1,ODI # 4690,India-vs-Sri-Lanka,India
Mohammed Siraj,7,2,16,3,2.28,35,2,0,1,0,2,ODI # 4690,India-vs-Sri-Lanka,India
Mohammed Shami,5,1,18,5,3.6,22,3,0,0,0,3,ODI # 4690,India-vs-Sri-Lanka,India
Kuldeep Yadav,2,0,3,0,1.5,9,0,0,0,0,4,ODI # 4690,India-vs-Sri-Lanka,India
Ravindra Jadeja,0.4,0,4,1,6,3,1,0,0,0,5,ODI # 4690,India-vs-Sri-Lanka,India
Mujeeb Ur Rahman,10,0,40,1,4,40,4,0,3,0,1,ODI # 4691,Afghanistan-vs-Netherlands,Afghanistan
Fazalhaq Farooqi,5,0,36,0,7.2,20,8,0,2,0,2,ODI # 4691,Afghanistan-vs-Netherlands,Afghanistan
Azmatullah Omarzai,3,0,11,0,3.66,10,1,0,0,0,3,ODI # 4691,Afghanistan-vs-Netherlands,Afghanistan
Mohammad Nabi,9.3,1,28,3,2.94,39,3,0,1,0,4,ODI # 4691,Afghanistan-vs-Netherlands,Afghanistan
Rashid Khan,10,0,31,0,3.1,35,0,0,3,0,5,ODI # 4691,Afghanistan-vs-Netherlands,Afghanistan
Noor Ahmad,9,0,31,2,3.44,36,3,0,3,0,6,ODI # 4691,Afghanistan-vs-Netherlands,Afghanistan
Aryan Dutt,8.3,0,49,0,5.76,25,6,0,3,0,1,ODI # 4691,Afghanistan-vs-Netherlands,Netherlands
Logan van Beek,7,0,30,1,4.28,26,3,0,2,0,2,ODI # 4691,Afghanistan-vs-Netherlands,Netherlands
Paul van Meekeren,5,0,35,0,7,15,6,0,1,1,3,ODI # 4691,Afghanistan-vs-Netherlands,Netherlands
Roelof van der Merwe,5,0,27,1,5.4,11,2,0,0,0,4,ODI # 4691,Afghanistan-vs-Netherlands,Netherlands
Saqib Zulfiqar,3,0,25,1,8.33,8,4,0,0,1,5,ODI # 4691,Afghanistan-vs-Netherlands,Netherlands
Colin Ackermann,3,0,12,0,4,8,0,0,1,0,6,ODI # 4691,Afghanistan-vs-Netherlands,Netherlands
Shaheen Shah Afridi,10,0,90,0,9,24,11,2,5,0,1,ODI # 4692,New-Zealand-vs-Pakistan,Pakistan
Hasan Ali,10,0,82,1,8.2,26,10,2,2,1,2,ODI # 4692,New-Zealand-vs-Pakistan,Pakistan
Iftikhar Ahmed,8,0,55,1,6.87,20,8,0,0,0,3,ODI # 4692,New-Zealand-vs-Pakistan,Pakistan
Haris Rauf,10,0,85,1,8.5,24,11,2,2,0,4,ODI # 4692,New-Zealand-vs-Pakistan,Pakistan
Mohammad Wasim,10,0,60,3,6,28,4,1,3,0,5,ODI # 4692,New-Zealand-vs-Pakistan,Pakistan
Agha Salman,2,0,21,0,10.5,3,2,1,1,0,6,ODI # 4692,New-Zealand-vs-Pakistan,Pakistan
Trent Boult,6,0,50,0,8.33,20,7,2,2,0,1,ODI # 4692,New-Zealand-vs-Pakistan,New-Zealand
Tim Southee,5,0,27,1,5.4,17,1,2,0,0,2,ODI # 4692,New-Zealand-vs-Pakistan,New-Zealand
Mitchell Santner,5,0,35,0,7,13,1,3,0,0,3,ODI # 4692,New-Zealand-vs-Pakistan,New-Zealand
Glenn Phillips,5,1,42,0,8.4,13,3,3,0,0,4,ODI # 4692,New-Zealand-vs-Pakistan,New-Zealand
Ish Sodhi,4,0,44,0,11,6,3,3,1,0,5,ODI # 4692,New-Zealand-vs-Pakistan,New-Zealand
Daryl Mitchell,0.3,0,1,0,2,2,0,0,0,0,6,ODI # 4692,New-Zealand-vs-Pakistan,New-Zealand
David Willey,10,1,48,1,4.8,31,4,0,1,0,1,ODI # 4693,Australia-vs-England,England
Chris Woakes,9.3,0,54,4,5.68,31,5,1,0,0,2,ODI # 4693,Australia-vs-England,England
Mark Wood,10,0,70,2,7,27,9,0,3,0,3,ODI # 4693,Australia-vs-England,England
Liam Livingstone,6,0,42,1,7,10,2,1,0,0,4,ODI # 4693,Australia-vs-England,England
Moeen Ali,4,0,28,0,7,9,4,0,0,0,5,ODI # 4693,Australia-vs-England,England
Adil Rashid,10,0,38,2,3.8,34,1,1,0,0,6,ODI # 4693,Australia-vs-England,England
Mitchell Starc,10,0,66,2,6.6,29,7,1,4,0,1,ODI # 4693,Australia-vs-England,Australia
Josh Hazlewood,9.1,1,49,2,5.34,34,6,1,2,0,2,ODI # 4693,Australia-vs-England,Australia
Pat Cummins,10,1,49,2,4.9,32,5,1,0,0,3,ODI # 4693,Australia-vs-England,Australia
Adam Zampa,10,0,21,3,2.1,41,0,0,2,0,4,ODI # 4693,Australia-vs-England,Australia
Travis Head,5,0,28,0,5.6,12,0,2,0,0,5,ODI # 4693,Australia-vs-England,Australia
Marcus Stoinis,4,0,34,1,8.5,8,4,1,0,0,6,ODI # 4693,Australia-vs-England,Australia
Lungi Ngidi,8.2,0,63,1,7.56,29,8,3,2,0,1,ODI # 4694,India-vs-South-Africa,South-Africa
Marco Jansen,9.4,0,94,1,9.72,28,15,1,7,1,2,ODI # 4694,India-vs-South-Africa,South-Africa
Kagiso Rabada,10,1,48,1,4.8,33,6,0,0,0,3,ODI # 4694,India-vs-South-Africa,South-Africa
Keshav Maharaj,10,0,30,1,3,32,0,0,1,0,4,ODI # 4694,India-vs-South-Africa,South-Africa
Tabraiz Shamsi,10,0,72,1,7.2,22,5,1,7,1,5,ODI # 4694,India-vs-South-Africa,South-Africa
Aiden Markram,2,0,17,0,8.5,4,1,1,1,0,6,ODI # 4694,India-vs-South-Africa,South-Africa
Jasprit Bumrah,5,0,14,0,2.8,23,2,0,1,0,1,ODI # 4694,India-vs-South-Africa,India
Mohammed Siraj,4,1,11,1,2.75,18,1,0,0,0,2,ODI # 4694,India-vs-South-Africa,India
Ravindra Jadeja,9,1,33,5,3.66,37,5,0,0,0,3,ODI # 4694,India-vs-South-Africa,India
Mohammed Shami,4,0,18,2,4.5,16,2,0,1,0,4,ODI # 4694,India-vs-South-Africa,India
Kuldeep Yadav,5.1,1,7,2,1.35,24,0,0,0,0,5,ODI # 4694,India-vs-South-Africa,India
Shoriful Islam,9.3,0,51,2,5.36,33,7,0,1,0,1,ODI # 4695,Bangladesh-vs-Sri-Lanka,Bangladesh
Taskin Ahmed,10,1,39,0,3.9,39,5,0,1,0,2,ODI # 4695,Bangladesh-vs-Sri-Lanka,Bangladesh
Tanzim Hasan Sakib,10,0,80,3,8,27,8,4,2,0,3,ODI # 4695,Bangladesh-vs-Sri-Lanka,Bangladesh
Shakib Al Hasan,10,0,57,2,5.7,23,1,3,0,0,4,ODI # 4695,Bangladesh-vs-Sri-Lanka,Bangladesh
Mehidy Hasan Miraz,10,0,49,1,4.9,30,6,0,0,0,5,ODI # 4695,Bangladesh-vs-Sri-Lanka,Bangladesh
Dilshan Madushanka,10,1,69,3,6.9,35,7,3,4,0,1,ODI # 4695,Bangladesh-vs-Sri-Lanka,Sri-Lanka
Maheesh Theekshana,9,0,44,2,4.88,34,6,0,3,0,2,ODI # 4695,Bangladesh-vs-Sri-Lanka,Sri-Lanka
Kasun Rajitha,4,0,47,0,11.75,7,5,3,0,0,3,ODI # 4695,Bangladesh-vs-Sri-Lanka,Sri-Lanka
Dushmantha Chameera,8,0,54,0,6.75,25,8,1,2,0,4,ODI # 4695,Bangladesh-vs-Sri-Lanka,Sri-Lanka
Angelo Mathews,7.1,1,35,2,4.88,24,4,0,1,0,5,ODI # 4695,Bangladesh-vs-Sri-Lanka,Sri-Lanka
Dhananjaya de Silva,3,0,20,0,6.66,8,3,0,0,0,6,ODI # 4695,Bangladesh-vs-Sri-Lanka,Sri-Lanka
Mitchell Starc,9,0,70,1,7.77,26,4,4,5,0,1,ODI # 4696,Afghanistan-vs-Australia,Australia
Josh Hazlewood,9,0,39,2,4.33,30,2,1,1,0,2,ODI # 4696,Afghanistan-vs-Australia,Australia
Glenn Maxwell,10,0,55,1,5.5,24,2,1,0,1,3,ODI # 4696,Afghanistan-vs-Australia,Australia
Pat Cummins,8,0,47,0,5.87,25,5,1,1,0,4,ODI # 4696,Afghanistan-vs-Australia,Australia
Adam Zampa,10,0,58,1,5.8,22,2,2,2,0,5,ODI # 4696,Afghanistan-vs-Australia,Australia
Travis Head,3,0,15,0,5,7,1,0,0,0,6,ODI # 4696,Afghanistan-vs-Australia,Australia
Marcus Stoinis,1,0,2,0,2,4,0,0,0,0,7,ODI # 4696,Afghanistan-vs-Australia,Australia
Mujeeb Ur Rahman,8.5,1,72,0,8.15,28,8,4,0,0,1,ODI # 4696,Afghanistan-vs-Australia,Afghanistan
Naveen-ul-Haq,9,0,47,2,5.22,34,5,2,1,0,2,ODI # 4696,Afghanistan-vs-Australia,Afghanistan
Azmatullah Omarzai,7,1,52,2,7.42,25,7,2,1,0,3,ODI # 4696,Afghanistan-vs-Australia,Afghanistan
Rashid Khan,10,0,44,2,4.4,36,3,1,3,0,4,ODI # 4696,Afghanistan-vs-Australia,Afghanistan
Noor Ahmad,10,1,53,0,5.3,36,4,2,1,0,5,ODI # 4696,Afghanistan-vs-Australia,Afghanistan
Mohammad Nabi,2,0,20,0,10,6,3,1,0,0,6,ODI # 4696,Afghanistan-vs-Australia,Afghanistan
Aryan Dutt,10,0,67,2,6.7,30,5,3,1,1,1,ODI # 4697,England-vs-Netherlands,Netherlands
Logan van Beek,10,0,88,2,8.8,25,10,1,10,0,2,ODI # 4697,England-vs-Netherlands,Netherlands
Paul van Meekeren,10,0,57,1,5.7,28,5,0,5,0,3,ODI # 4697,England-vs-Netherlands,Netherlands
Bas de Leede,10,0,74,3,7.4,26,5,4,0,0,4,ODI # 4697,England-vs-Netherlands,Netherlands
Roelof van der Merwe,3,0,22,0,7.33,6,0,2,0,0,5,ODI # 4697,England-vs-Netherlands,Netherlands
Colin Ackermann,7,0,31,0,4.42,15,1,0,0,0,6,ODI # 4697,England-vs-Netherlands,Netherlands
Chris Woakes,7,0,19,1,2.71,33,2,0,2,0,1,ODI # 4697,England-vs-Netherlands,England
David Willey,7,2,19,2,2.71,33,3,0,0,0,2,ODI # 4697,England-vs-Netherlands,England
Gus Atkinson,7,0,41,0,5.85,25,4,2,1,0,3,ODI # 4697,England-vs-Netherlands,England
Moeen Ali,8.2,0,42,3,5.04,23,1,2,0,0,4,ODI # 4697,England-vs-Netherlands,England
Adil Rashid,8,0,54,3,6.75,22,5,2,1,0,5,ODI # 4697,England-vs-Netherlands,England
Trent Boult,10,3,37,3,3.7,45,6,0,3,0,1,ODI # 4698,New-Zealand-vs-Sri-Lanka,New-Zealand
Tim Southee,8,0,52,1,6.5,29,6,3,0,0,2,ODI # 4698,New-Zealand-vs-Sri-Lanka,New-Zealand
Lockie Ferguson,10,2,35,2,3.5,43,6,0,0,0,3,ODI # 4698,New-Zealand-vs-Sri-Lanka,New-Zealand
Mitchell Santner,10,2,22,2,2.2,45,2,0,0,0,4,ODI # 4698,New-Zealand-vs-Sri-Lanka,New-Zealand
Rachin Ravindra,7.4,0,21,2,2.73,28,1,0,0,0,5,ODI # 4698,New-Zealand-vs-Sri-Lanka,New-Zealand
Glenn Phillips,1,0,3,0,3,3,0,0,0,0,6,ODI # 4698,New-Zealand-vs-Sri-Lanka,New-Zealand
Dilshan Madushanka,6.2,0,58,0,9.15,16,11,0,1,0,1,ODI # 4698,New-Zealand-vs-Sri-Lanka,Sri-Lanka
Maheesh Theekshana,7,0,43,1,6.14,24,6,1,0,0,2,ODI # 4698,New-Zealand-vs-Sri-Lanka,Sri-Lanka
Dhananjaya de Silva,2,0,22,0,11,3,1,2,0,0,3,ODI # 4698,New-Zealand-vs-Sri-Lanka,Sri-Lanka
Dushmantha Chameera,4,1,20,1,5,17,1,2,0,0,4,ODI # 4698,New-Zealand-vs-Sri-Lanka,Sri-Lanka
Angelo Mathews,4,0,29,2,7.25,10,4,0,1,0,5,ODI # 4698,New-Zealand-vs-Sri-Lanka,Sri-Lanka
Kagiso Rabada,10,0,40,0,4,37,4,1,0,0,1,ODI # 4699,Afghanistan-vs-South-Africa,South-Africa
Lungi Ngidi,8.3,0,69,2,8.11,28,5,4,6,0,2,ODI # 4699,Afghanistan-vs-South-Africa,South-Africa
Aiden Markram,4.3,0,25,0,5.55,13,2,1,0,0,3,ODI # 4699,Afghanistan-vs-South-Africa,South-Africa
Gerald Coetzee,10,1,44,4,4.4,35,5,0,2,0,4,ODI # 4699,Afghanistan-vs-South-Africa,South-Africa
Keshav Maharaj,10,1,25,2,2.5,41,0,0,2,0,5,ODI # 4699,Afghanistan-vs-South-Africa,South-Africa
Andile Phehlukwayo,7,0,36,1,5.14,20,4,0,0,0,6,ODI # 4699,Afghanistan-vs-South-Africa,South-Africa
Mujeeb Ur Rahman,10,0,51,1,5.1,33,4,2,1,0,1,ODI # 4699,Afghanistan-vs-South-Africa,Afghanistan
Naveen-ul-Haq,6.3,0,52,0,8,16,2,4,1,0,2,ODI # 4699,Afghanistan-vs-South-Africa,Afghanistan
Mohammad Nabi,10,1,35,2,3.5,36,3,0,0,0,3,ODI # 4699,Afghanistan-vs-South-Africa,Afghanistan
Azmatullah Omarzai,1,0,8,0,8,3,0,1,0,0,4,ODI # 4699,Afghanistan-vs-South-Africa,Afghanistan
Rashid Khan,10,1,37,2,3.7,38,2,1,1,0,5,ODI # 4699,Afghanistan-vs-South-Africa,Afghanistan
Noor Ahmad,9,0,49,0,5.44,23,3,0,3,0,6,ODI # 4699,Afghanistan-vs-South-Africa,Afghanistan
Rahmat Shah,1,0,12,0,12,2,1,1,0,0,7,ODI # 4699,Afghanistan-vs-South-Africa,Afghanistan
Josh Hazlewood,7,1,21,0,3,29,2,0,0,0,1,ODI # 4700,Australia-vs-Bangladesh,Australia
Pat Cummins,8,0,56,0,7,22,7,0,4,0,2,ODI # 4700,Australia-vs-Bangladesh,Australia
Sean Abbott,10,0,61,2,6.1,29,4,2,0,1,3,ODI # 4700,Australia-vs-Bangladesh,Australia
Mitchell Marsh,4,0,48,0,12,8,6,2,2,1,4,ODI # 4700,Australia-vs-Bangladesh,Australia
Adam Zampa,10,0,32,2,3.2,39,2,1,0,0,5,ODI # 4700,Australia-vs-Bangladesh,Australia
Travis Head,6,0,33,0,5.5,14,2,1,0,0,6,ODI # 4700,Australia-vs-Bangladesh,Australia
Marcus Stoinis,5,0,45,1,9,4,4,0,2,0,7,ODI # 4700,Australia-vs-Bangladesh,Australia
Taskin Ahmed,10,0,61,1,6.1,30,6,2,1,0,1,ODI # 4700,Australia-vs-Bangladesh,Bangladesh
Mahedi Hasan,9,0,38,0,4.22,29,3,0,1,0,2,ODI # 4700,Australia-vs-Bangladesh,Bangladesh
Nasum Ahmed,10,0,85,0,8.5,21,9,3,1,0,3,ODI # 4700,Australia-vs-Bangladesh,Bangladesh
Mehidy Hasan Miraz,6,0,47,0,7.83,13,3,3,0,0,4,ODI # 4700,Australia-vs-Bangladesh,Bangladesh
Mustafizur Rahman,9.4,1,76,1,7.86,20,8,2,1,0,5,ODI # 4700,Australia-vs-Bangladesh,Bangladesh
Shaheen Shah Afridi,10,1,72,2,7.2,32,9,3,0,0,1,ODI # 4701,England-vs-Pakistan,Pakistan
Haris Rauf,10,0,64,3,6.4,32,7,0,3,0,2,ODI # 4701,England-vs-Pakistan,Pakistan
Iftikhar Ahmed,7,0,38,1,5.42,17,4,0,0,0,3,ODI # 4701,England-vs-Pakistan,Pakistan
Mohammad Wasim,10,0,74,2,7.4,26,7,3,1,0,4,ODI # 4701,England-vs-Pakistan,Pakistan
Shadab Khan,10,0,57,0,5.7,25,5,1,0,0,5,ODI # 4701,England-vs-Pakistan,Pakistan
Agha Salman,3,0,25,0,8.33,7,3,1,0,0,6,ODI # 4701,England-vs-Pakistan,Pakistan
David Willey,10,0,56,3,5.6,37,8,1,2,0,1,ODI # 4701,England-vs-Pakistan,England
Chris Woakes,5.3,0,27,1,4.9,22,5,0,0,0,2,ODI # 4701,England-vs-Pakistan,England
Adil Rashid,10,0,55,2,5.5,26,4,1,1,0,3,ODI # 4701,England-vs-Pakistan,England
Gus Atkinson,8,0,45,2,5.62,29,3,3,2,0,4,ODI # 4701,England-vs-Pakistan,England
Moeen Ali,10,0,60,2,6,27,7,1,0,0,5,ODI # 4701,England-vs-Pakistan,England
Aryan Dutt,7,0,52,0,7.42,19,7,1,1,0,1,ODI # 4702,India-vs-Netherlands,Netherlands
Logan van Beek,10,0,107,0,10.7,17,10,6,1,0,2,ODI # 4702,India-vs-Netherlands,Netherlands
Colin Ackermann,3,0,25,0,8.33,5,2,1,1,0,3,ODI # 4702,India-vs-Netherlands,Netherlands
Paul van Meekeren,10,0,90,1,9,19,6,5,2,1,4,ODI # 4702,India-vs-Netherlands,Netherlands
Roelof van der Merwe,10,0,53,1,5.3,27,4,1,0,0,5,ODI # 4702,India-vs-Netherlands,Netherlands
Bas de Leede,10,0,82,2,8.2,22,8,2,8,0,6,ODI # 4702,India-vs-Netherlands,Netherlands
Jasprit Bumrah,9,1,33,2,3.66,35,3,0,1,0,1,ODI # 4702,India-vs-Netherlands,India
Mohammed Siraj,6,1,29,2,4.83,23,5,0,1,0,2,ODI # 4702,India-vs-Netherlands,India
Mohammed Shami,6,0,41,0,6.83,15,4,1,1,0,3,ODI # 4702,India-vs-Netherlands,India
Kuldeep Yadav,10,1,41,2,4.1,39,1,3,0,0,4,ODI # 4702,India-vs-Netherlands,India
Ravindra Jadeja,9,0,49,2,5.44,31,4,2,1,0,5,ODI # 4702,India-vs-Netherlands,India
Virat Kohli,3,0,13,1,4.33,10,1,0,0,0,6,ODI # 4702,India-vs-Netherlands,India
Shubman Gill,2,0,11,0,5.5,4,1,0,0,0,7,ODI # 4702,India-vs-Netherlands,India
Suryakumar Yadav,2,0,17,0,8.5,5,0,2,0,0,8,ODI # 4702,India-vs-Netherlands,India
Rohit Sharma,0.5,0,7,1,8.4,3,0,1,0,0,9,ODI # 4702,India-vs-Netherlands,India
Trent Boult,10,0,86,1,8.6,26,9,4,2,0,1,ODI # 4703,India-vs-New-Zealand,New-Zealand
Tim Southee,10,0,100,3,10,20,8,6,1,0,2,ODI # 4703,India-vs-New-Zealand,New-Zealand
Mitchell Santner,10,1,51,0,5.1,29,3,2,0,0,3,ODI # 4703,India-vs-New-Zealand,New-Zealand
Lockie Ferguson,8,0,65,0,8.12,15,7,1,1,0,4,ODI # 4703,India-vs-New-Zealand,New-Zealand
Rachin Ravindra,7,0,60,0,8.57,13,2,4,2,0,5,ODI # 4703,India-vs-New-Zealand,New-Zealand
Glenn Phillips,5,0,33,0,6.6,11,1,2,0,0,6,ODI # 4703,India-vs-New-Zealand,New-Zealand
Jasprit Bumrah,10,1,64,1,6.4,32,6,1,6,0,1,ODI # 4703,India-vs-New-Zealand,India
Mohammed Siraj,9,0,78,1,8.66,26,10,3,3,0,2,ODI # 4703,India-vs-New-Zealand,India
Mohammed Shami,9.5,0,57,7,5.79,37,3,4,2,0,3,ODI # 4703,India-vs-New-Zealand,India
Ravindra Jadeja,10,0,63,0,6.3,29,3,3,0,1,4,ODI # 4703,India-vs-New-Zealand,India
Kuldeep Yadav,10,0,56,1,5.6,26,6,0,0,0,5,ODI # 4703,India-vs-New-Zealand,India
Mitchell Starc,10,1,34,3,3.4,46,3,1,4,0,1,ODI # 4704,Australia-vs-South-Africa,Australia
Josh Hazlewood,8,3,12,2,1.5,39,1,0,0,0,2,ODI # 4704,Australia-vs-South-Africa,Australia
Pat Cummins,9.4,0,51,3,5.27,32,5,1,2,0,3,ODI # 4704,Australia-vs-South-Africa,Australia
Adam Zampa,7,0,55,0,7.85,21,1,6,0,0,4,ODI # 4704,Australia-vs-South-Africa,Australia
Glenn Maxwell,10,0,35,0,3.5,35,3,0,0,0,5,ODI # 4704,Australia-vs-South-Africa,Australia
Travis Head,5,0,21,2,4.2,19,3,0,1,0,6,ODI # 4704,Australia-vs-South-Africa,Australia
Marco Jansen,4.2,0,35,0,8.07,18,6,1,4,0,1,ODI # 4704,Australia-vs-South-Africa,South-Africa
Kagiso Rabada,6,0,41,1,6.83,24,2,4,1,1,2,ODI # 4704,Australia-vs-South-Africa,South-Africa
Aiden Markram,8,1,23,1,2.87,34,1,1,1,0,3,ODI # 4704,Australia-vs-South-Africa,South-Africa
Gerald Coetzee,9,0,47,2,5.22,35,8,0,1,1,4,ODI # 4704,Australia-vs-South-Africa,South-Africa
Tabraiz Shamsi,10,0,42,2,4.2,36,3,0,5,0,5,ODI # 4704,Australia-vs-South-Africa,South-Africa
Keshav Maharaj,10,0,24,1,2.4,39,1,0,0,0,6,ODI # 4704,Australia-vs-South-Africa,South-Africa
Mitchell Starc,10,0,55,3,5.5,30,4,1,3,0,1,ODI # 4705,India-vs-Australia,Australia
Josh Hazlewood,10,0,60,2,6,22,4,1,1,0,2,ODI # 4705,India-vs-Australia,Australia
Glenn Maxwell,6,0,35,1,5.83,19,4,1,0,0,3,ODI # 4705,India-vs-Australia,Australia
Pat Cummins,10,0,34,2,3.4,30,0,0,2,0,4,ODI # 4705,India-vs-Australia,Australia
Adam Zampa,10,0,44,1,4.4,22,1,0,1,0,5,ODI # 4705,India-vs-Australia,Australia
Mitchell Marsh,2,0,5,0,2.5,7,0,0,0,0,6,ODI # 4705,India-vs-Australia,Australia
Travis Head,2,0,4,0,2,8,0,0,0,0,7,ODI # 4705,India-vs-Australia,Australia
Jasprit Bumrah,9,2,43,2,4.77,37,8,0,0,0,1,ODI # 4705,India-vs-Australia,India
Mohammed Shami,7,1,47,1,6.71,28,6,1,3,0,2,ODI # 4705,India-vs-Australia,India
Ravindra Jadeja,10,0,43,0,4.3,29,1,1,1,0,3,ODI # 4705,India-vs-Australia,India
Kuldeep Yadav,10,0,56,0,5.6,25,3,2,0,0,4,ODI # 4705,India-vs-Australia,India
Mohammed Siraj,7,0,45,1,6.42,16,4,1,0,0,5,ODI # 4705,India-vs-Australia,India
